,Timestamp,Latitude,Longitude,Score,DaysElapsed
0,9/15/2020,42.35315925,-71.07604438,1,4
1,9/9/2020,42.35334777,-71.07538171,2,10
1,9/9/2020,42.35334777,-71.07538171,2,10
2,9/18/2020,42.35352052,-71.07477488,9,1
2,9/18/2020,42.35352052,-71.07477488,9,1
2,9/18/2020,42.35352052,-71.07477488,9,1
2,9/18/2020,42.35352052,-71.07477488,9,1
2,9/18/2020,42.35352052,-71.07477488,9,1
2,9/18/2020,42.35352052,-71.07477488,9,1
2,9/18/2020,42.35352052,-71.07477488,9,1
2,9/18/2020,42.35352052,-71.07477488,9,1
2,9/18/2020,42.35352052,-71.07477488,9,1
3,9/15/2020,42.35355582,-71.07440373,5,4
3,9/15/2020,42.35355582,-71.07440373,5,4
3,9/15/2020,42.35355582,-71.07440373,5,4
3,9/15/2020,42.35355582,-71.07440373,5,4
3,9/15/2020,42.35355582,-71.07440373,5,4
4,9/16/2020,42.35381056,-71.0736208,7,3
4,9/16/2020,42.35381056,-71.0736208,7,3
4,9/16/2020,42.35381056,-71.0736208,7,3
4,9/16/2020,42.35381056,-71.0736208,7,3
4,9/16/2020,42.35381056,-71.0736208,7,3
4,9/16/2020,42.35381056,-71.0736208,7,3
4,9/16/2020,42.35381056,-71.0736208,7,3
5,9/15/2020,42.35391091,-71.07325501,1,4
6,9/10/2020,42.35400015,-71.07292162,2,9
6,9/10/2020,42.35400015,-71.07292162,2,9
7,9/12/2020,42.35414092,-71.07240382,5,7
7,9/12/2020,42.35414092,-71.07240382,5,7
7,9/12/2020,42.35414092,-71.07240382,5,7
7,9/12/2020,42.35414092,-71.07240382,5,7
7,9/12/2020,42.35414092,-71.07240382,5,7
8,9/10/2020,42.35492689,-71.07866369999999,3,9
8,9/10/2020,42.35492689,-71.07866369999999,3,9
8,9/10/2020,42.35492689,-71.07866369999999,3,9
9,9/12/2020,42.35482231,-71.07921633,7,7
9,9/12/2020,42.35482231,-71.07921633,7,7
9,9/12/2020,42.35482231,-71.07921633,7,7
9,9/12/2020,42.35482231,-71.07921633,7,7
9,9/12/2020,42.35482231,-71.07921633,7,7
9,9/12/2020,42.35482231,-71.07921633,7,7
9,9/12/2020,42.35482231,-71.07921633,7,7
10,9/13/2020,42.35493621,-71.07788137,5,6
10,9/13/2020,42.35493621,-71.07788137,5,6
10,9/13/2020,42.35493621,-71.07788137,5,6
10,9/13/2020,42.35493621,-71.07788137,5,6
10,9/13/2020,42.35493621,-71.07788137,5,6
11,9/18/2020,42.35482385,-71.07830037,9,1
11,9/18/2020,42.35482385,-71.07830037,9,1
11,9/18/2020,42.35482385,-71.07830037,9,1
11,9/18/2020,42.35482385,-71.07830037,9,1
11,9/18/2020,42.35482385,-71.07830037,9,1
11,9/18/2020,42.35482385,-71.07830037,9,1
11,9/18/2020,42.35482385,-71.07830037,9,1
11,9/18/2020,42.35482385,-71.07830037,9,1
11,9/18/2020,42.35482385,-71.07830037,9,1
12,9/16/2020,42.35471154,-71.07871536,5,3
12,9/16/2020,42.35471154,-71.07871536,5,3
12,9/16/2020,42.35471154,-71.07871536,5,3
12,9/16/2020,42.35471154,-71.07871536,5,3
12,9/16/2020,42.35471154,-71.07871536,5,3
13,9/9/2020,42.35440772,-71.07868287,1,10
14,9/11/2020,42.35458708,-71.07832715,2,8
14,9/11/2020,42.35458708,-71.07832715,2,8
15,9/11/2020,42.35468216,-71.07837408,4,8
15,9/11/2020,42.35468216,-71.07837408,4,8
15,9/11/2020,42.35468216,-71.07837408,4,8
15,9/11/2020,42.35468216,-71.07837408,4,8
16,9/9/2020,42.35474357,-71.07815585,10,10
16,9/9/2020,42.35474357,-71.07815585,10,10
16,9/9/2020,42.35474357,-71.07815585,10,10
16,9/9/2020,42.35474357,-71.07815585,10,10
16,9/9/2020,42.35474357,-71.07815585,10,10
16,9/9/2020,42.35474357,-71.07815585,10,10
16,9/9/2020,42.35474357,-71.07815585,10,10
16,9/9/2020,42.35474357,-71.07815585,10,10
16,9/9/2020,42.35474357,-71.07815585,10,10
16,9/9/2020,42.35474357,-71.07815585,10,10
17,9/9/2020,42.35464575,-71.07810741,7,10
17,9/9/2020,42.35464575,-71.07810741,7,10
17,9/9/2020,42.35464575,-71.07810741,7,10
17,9/9/2020,42.35464575,-71.07810741,7,10
17,9/9/2020,42.35464575,-71.07810741,7,10
17,9/9/2020,42.35464575,-71.07810741,7,10
17,9/9/2020,42.35464575,-71.07810741,7,10
18,9/11/2020,42.35470548,-71.07788799,3,8
18,9/11/2020,42.35470548,-71.07788799,3,8
18,9/11/2020,42.35470548,-71.07788799,3,8
19,9/17/2020,42.35480203,-71.07793581,2,2
19,9/17/2020,42.35480203,-71.07793581,2,2
20,9/17/2020,42.35485938,-71.07771890000001,8,2
20,9/17/2020,42.35485938,-71.07771890000001,8,2
20,9/17/2020,42.35485938,-71.07771890000001,8,2
20,9/17/2020,42.35485938,-71.07771890000001,8,2
20,9/17/2020,42.35485938,-71.07771890000001,8,2
20,9/17/2020,42.35485938,-71.07771890000001,8,2
20,9/17/2020,42.35485938,-71.07771890000001,8,2
20,9/17/2020,42.35485938,-71.07771890000001,8,2
21,9/14/2020,42.35476385,-71.07767368,1,5
22,9/14/2020,42.35357199,-71.07965623,9,5
22,9/14/2020,42.35357199,-71.07965623,9,5
22,9/14/2020,42.35357199,-71.07965623,9,5
22,9/14/2020,42.35357199,-71.07965623,9,5
22,9/14/2020,42.35357199,-71.07965623,9,5
22,9/14/2020,42.35357199,-71.07965623,9,5
22,9/14/2020,42.35357199,-71.07965623,9,5
22,9/14/2020,42.35357199,-71.07965623,9,5
22,9/14/2020,42.35357199,-71.07965623,9,5
23,9/14/2020,42.35342647,-71.07964141,1,5
24,9/13/2020,42.35351302,-71.07931457,10,6
24,9/13/2020,42.35351302,-71.07931457,10,6
24,9/13/2020,42.35351302,-71.07931457,10,6
24,9/13/2020,42.35351302,-71.07931457,10,6
24,9/13/2020,42.35351302,-71.07931457,10,6
24,9/13/2020,42.35351302,-71.07931457,10,6
24,9/13/2020,42.35351302,-71.07931457,10,6
24,9/13/2020,42.35351302,-71.07931457,10,6
24,9/13/2020,42.35351302,-71.07931457,10,6
24,9/13/2020,42.35351302,-71.07931457,10,6
25,9/15/2020,42.35366294,-71.07931637,4,4
25,9/15/2020,42.35366294,-71.07931637,4,4
25,9/15/2020,42.35366294,-71.07931637,4,4
25,9/15/2020,42.35366294,-71.07931637,4,4
26,9/14/2020,42.35346497,-71.07919458,6,5
26,9/14/2020,42.35346497,-71.07919458,6,5
26,9/14/2020,42.35346497,-71.07919458,6,5
26,9/14/2020,42.35346497,-71.07919458,6,5
26,9/14/2020,42.35346497,-71.07919458,6,5
26,9/14/2020,42.35346497,-71.07919458,6,5
27,9/17/2020,42.35422524,-71.07935465,5,2
27,9/17/2020,42.35422524,-71.07935465,5,2
27,9/17/2020,42.35422524,-71.07935465,5,2
27,9/17/2020,42.35422524,-71.07935465,5,2
27,9/17/2020,42.35422524,-71.07935465,5,2
28,9/17/2020,42.35449952,-71.07948827,1,2
29,9/10/2020,42.35450881,-71.07936018,7,9
29,9/10/2020,42.35450881,-71.07936018,7,9
29,9/10/2020,42.35450881,-71.07936018,7,9
29,9/10/2020,42.35450881,-71.07936018,7,9
29,9/10/2020,42.35450881,-71.07936018,7,9
29,9/10/2020,42.35450881,-71.07936018,7,9
29,9/10/2020,42.35450881,-71.07936018,7,9
30,9/18/2020,42.35464461,-71.07970944,3,1
30,9/18/2020,42.35464461,-71.07970944,3,1
30,9/18/2020,42.35464461,-71.07970944,3,1
31,9/10/2020,42.34600812,-71.07964527,6,9
31,9/10/2020,42.34600812,-71.07964527,6,9
31,9/10/2020,42.34600812,-71.07964527,6,9
31,9/10/2020,42.34600812,-71.07964527,6,9
31,9/10/2020,42.34600812,-71.07964527,6,9
31,9/10/2020,42.34600812,-71.07964527,6,9
32,9/17/2020,42.34598177,-71.0795735,9,2
32,9/17/2020,42.34598177,-71.0795735,9,2
32,9/17/2020,42.34598177,-71.0795735,9,2
32,9/17/2020,42.34598177,-71.0795735,9,2
32,9/17/2020,42.34598177,-71.0795735,9,2
32,9/17/2020,42.34598177,-71.0795735,9,2
32,9/17/2020,42.34598177,-71.0795735,9,2
32,9/17/2020,42.34598177,-71.0795735,9,2
32,9/17/2020,42.34598177,-71.0795735,9,2
33,9/10/2020,42.34591412,-71.07946908,5,9
33,9/10/2020,42.34591412,-71.07946908,5,9
33,9/10/2020,42.34591412,-71.07946908,5,9
33,9/10/2020,42.34591412,-71.07946908,5,9
33,9/10/2020,42.34591412,-71.07946908,5,9
34,9/18/2020,42.34586572,-71.07943409999999,10,1
34,9/18/2020,42.34586572,-71.07943409999999,10,1
34,9/18/2020,42.34586572,-71.07943409999999,10,1
34,9/18/2020,42.34586572,-71.07943409999999,10,1
34,9/18/2020,42.34586572,-71.07943409999999,10,1
34,9/18/2020,42.34586572,-71.07943409999999,10,1
34,9/18/2020,42.34586572,-71.07943409999999,10,1
34,9/18/2020,42.34586572,-71.07943409999999,10,1
34,9/18/2020,42.34586572,-71.07943409999999,10,1
34,9/18/2020,42.34586572,-71.07943409999999,10,1
35,9/10/2020,42.34580595,-71.07954674,10,9
35,9/10/2020,42.34580595,-71.07954674,10,9
35,9/10/2020,42.34580595,-71.07954674,10,9
35,9/10/2020,42.34580595,-71.07954674,10,9
35,9/10/2020,42.34580595,-71.07954674,10,9
35,9/10/2020,42.34580595,-71.07954674,10,9
35,9/10/2020,42.34580595,-71.07954674,10,9
35,9/10/2020,42.34580595,-71.07954674,10,9
35,9/10/2020,42.34580595,-71.07954674,10,9
35,9/10/2020,42.34580595,-71.07954674,10,9
36,9/15/2020,42.34586242,-71.07971689,7,4
36,9/15/2020,42.34586242,-71.07971689,7,4
36,9/15/2020,42.34586242,-71.07971689,7,4
36,9/15/2020,42.34586242,-71.07971689,7,4
36,9/15/2020,42.34586242,-71.07971689,7,4
36,9/15/2020,42.34586242,-71.07971689,7,4
36,9/15/2020,42.34586242,-71.07971689,7,4
37,9/13/2020,42.34575432,-71.07926476,10,6
37,9/13/2020,42.34575432,-71.07926476,10,6
37,9/13/2020,42.34575432,-71.07926476,10,6
37,9/13/2020,42.34575432,-71.07926476,10,6
37,9/13/2020,42.34575432,-71.07926476,10,6
37,9/13/2020,42.34575432,-71.07926476,10,6
37,9/13/2020,42.34575432,-71.07926476,10,6
37,9/13/2020,42.34575432,-71.07926476,10,6
37,9/13/2020,42.34575432,-71.07926476,10,6
37,9/13/2020,42.34575432,-71.07926476,10,6
38,9/15/2020,42.34579403,-71.07961295,9,4
38,9/15/2020,42.34579403,-71.07961295,9,4
38,9/15/2020,42.34579403,-71.07961295,9,4
38,9/15/2020,42.34579403,-71.07961295,9,4
38,9/15/2020,42.34579403,-71.07961295,9,4
38,9/15/2020,42.34579403,-71.07961295,9,4
38,9/15/2020,42.34579403,-71.07961295,9,4
38,9/15/2020,42.34579403,-71.07961295,9,4
38,9/15/2020,42.34579403,-71.07961295,9,4
39,9/18/2020,42.34565603,-71.07978038,4,1
39,9/18/2020,42.34565603,-71.07978038,4,1
39,9/18/2020,42.34565603,-71.07978038,4,1
39,9/18/2020,42.34565603,-71.07978038,4,1
40,9/9/2020,42.34573365,-71.07912011,1,10
41,9/18/2020,42.34578387,-71.07905503,4,1
41,9/18/2020,42.34578387,-71.07905503,4,1
41,9/18/2020,42.34578387,-71.07905503,4,1
41,9/18/2020,42.34578387,-71.07905503,4,1
42,9/12/2020,42.3455624,-71.07933176,7,7
42,9/12/2020,42.3455624,-71.07933176,7,7
42,9/12/2020,42.3455624,-71.07933176,7,7
42,9/12/2020,42.3455624,-71.07933176,7,7
42,9/12/2020,42.3455624,-71.07933176,7,7
42,9/12/2020,42.3455624,-71.07933176,7,7
42,9/12/2020,42.3455624,-71.07933176,7,7
43,9/15/2020,42.34549896,-71.07940696,1,4
44,9/16/2020,42.34505684,-71.07971353,1,3
45,9/11/2020,42.34488941,-71.07950821,1,8
46,9/16/2020,42.34498277,-71.07980854,2,3
46,9/16/2020,42.34498277,-71.07980854,2,3
47,9/9/2020,42.3448325,-71.07958548,9,10
47,9/9/2020,42.3448325,-71.07958548,9,10
47,9/9/2020,42.3448325,-71.07958548,9,10
47,9/9/2020,42.3448325,-71.07958548,9,10
47,9/9/2020,42.3448325,-71.07958548,9,10
47,9/9/2020,42.3448325,-71.07958548,9,10
47,9/9/2020,42.3448325,-71.07958548,9,10
47,9/9/2020,42.3448325,-71.07958548,9,10
47,9/9/2020,42.3448325,-71.07958548,9,10
48,9/10/2020,42.3459445,-71.07975719,4,9
48,9/10/2020,42.3459445,-71.07975719,4,9
48,9/10/2020,42.3459445,-71.07975719,4,9
48,9/10/2020,42.3459445,-71.07975719,4,9
49,9/11/2020,42.34567919,-71.07936021,4,8
49,9/11/2020,42.34567919,-71.07936021,4,8
49,9/11/2020,42.34567919,-71.07936021,4,8
49,9/11/2020,42.34567919,-71.07936021,4,8
50,9/15/2020,42.34476148,-71.07950008,3,4
50,9/15/2020,42.34476148,-71.07950008,3,4
50,9/15/2020,42.34476148,-71.07950008,3,4
51,9/15/2020,42.34485157,-71.07939202,3,4
51,9/15/2020,42.34485157,-71.07939202,3,4
51,9/15/2020,42.34485157,-71.07939202,3,4
52,9/12/2020,42.34746121,-71.07903887,6,7
52,9/12/2020,42.34746121,-71.07903887,6,7
52,9/12/2020,42.34746121,-71.07903887,6,7
52,9/12/2020,42.34746121,-71.07903887,6,7
52,9/12/2020,42.34746121,-71.07903887,6,7
52,9/12/2020,42.34746121,-71.07903887,6,7
53,9/17/2020,42.34730362,-71.07922974,7,2
53,9/17/2020,42.34730362,-71.07922974,7,2
53,9/17/2020,42.34730362,-71.07922974,7,2
53,9/17/2020,42.34730362,-71.07922974,7,2
53,9/17/2020,42.34730362,-71.07922974,7,2
53,9/17/2020,42.34730362,-71.07922974,7,2
53,9/17/2020,42.34730362,-71.07922974,7,2
54,9/16/2020,42.34720151,-71.07935237,6,3
54,9/16/2020,42.34720151,-71.07935237,6,3
54,9/16/2020,42.34720151,-71.07935237,6,3
54,9/16/2020,42.34720151,-71.07935237,6,3
54,9/16/2020,42.34720151,-71.07935237,6,3
54,9/16/2020,42.34720151,-71.07935237,6,3
55,9/9/2020,42.34711211,-71.07946305,4,10
55,9/9/2020,42.34711211,-71.07946305,4,10
55,9/9/2020,42.34711211,-71.07946305,4,10
55,9/9/2020,42.34711211,-71.07946305,4,10
56,9/11/2020,42.34709155,-71.07978524,8,8
56,9/11/2020,42.34709155,-71.07978524,8,8
56,9/11/2020,42.34709155,-71.07978524,8,8
56,9/11/2020,42.34709155,-71.07978524,8,8
56,9/11/2020,42.34709155,-71.07978524,8,8
56,9/11/2020,42.34709155,-71.07978524,8,8
56,9/11/2020,42.34709155,-71.07978524,8,8
56,9/11/2020,42.34709155,-71.07978524,8,8
57,9/18/2020,42.34658443,-71.07918898,8,1
57,9/18/2020,42.34658443,-71.07918898,8,1
57,9/18/2020,42.34658443,-71.07918898,8,1
57,9/18/2020,42.34658443,-71.07918898,8,1
57,9/18/2020,42.34658443,-71.07918898,8,1
57,9/18/2020,42.34658443,-71.07918898,8,1
57,9/18/2020,42.34658443,-71.07918898,8,1
57,9/18/2020,42.34658443,-71.07918898,8,1
58,9/18/2020,42.34648891,-71.07896983,9,1
58,9/18/2020,42.34648891,-71.07896983,9,1
58,9/18/2020,42.34648891,-71.07896983,9,1
58,9/18/2020,42.34648891,-71.07896983,9,1
58,9/18/2020,42.34648891,-71.07896983,9,1
58,9/18/2020,42.34648891,-71.07896983,9,1
58,9/18/2020,42.34648891,-71.07896983,9,1
58,9/18/2020,42.34648891,-71.07896983,9,1
58,9/18/2020,42.34648891,-71.07896983,9,1
59,9/10/2020,42.34639648,-71.07907065,3,9
59,9/10/2020,42.34639648,-71.07907065,3,9
59,9/10/2020,42.34639648,-71.07907065,3,9
60,9/12/2020,42.34627518,-71.07921618,4,7
60,9/12/2020,42.34627518,-71.07921618,4,7
60,9/12/2020,42.34627518,-71.07921618,4,7
60,9/12/2020,42.34627518,-71.07921618,4,7
61,9/9/2020,42.34605724,-71.07929259,7,10
61,9/9/2020,42.34605724,-71.07929259,7,10
61,9/9/2020,42.34605724,-71.07929259,7,10
61,9/9/2020,42.34605724,-71.07929259,7,10
61,9/9/2020,42.34605724,-71.07929259,7,10
61,9/9/2020,42.34605724,-71.07929259,7,10
61,9/9/2020,42.34605724,-71.07929259,7,10
62,9/17/2020,42.34620162,-71.07911842,9,2
62,9/17/2020,42.34620162,-71.07911842,9,2
62,9/17/2020,42.34620162,-71.07911842,9,2
62,9/17/2020,42.34620162,-71.07911842,9,2
62,9/17/2020,42.34620162,-71.07911842,9,2
62,9/17/2020,42.34620162,-71.07911842,9,2
62,9/17/2020,42.34620162,-71.07911842,9,2
62,9/17/2020,42.34620162,-71.07911842,9,2
62,9/17/2020,42.34620162,-71.07911842,9,2
63,9/11/2020,42.34636476,-71.07891891,4,8
63,9/11/2020,42.34636476,-71.07891891,4,8
63,9/11/2020,42.34636476,-71.07891891,4,8
63,9/11/2020,42.34636476,-71.07891891,4,8
64,9/12/2020,42.34620778,-71.07845106,10,7
64,9/12/2020,42.34620778,-71.07845106,10,7
64,9/12/2020,42.34620778,-71.07845106,10,7
64,9/12/2020,42.34620778,-71.07845106,10,7
64,9/12/2020,42.34620778,-71.07845106,10,7
64,9/12/2020,42.34620778,-71.07845106,10,7
64,9/12/2020,42.34620778,-71.07845106,10,7
64,9/12/2020,42.34620778,-71.07845106,10,7
64,9/12/2020,42.34620778,-71.07845106,10,7
64,9/12/2020,42.34620778,-71.07845106,10,7
65,9/9/2020,42.34639197,-71.07872762,9,10
65,9/9/2020,42.34639197,-71.07872762,9,10
65,9/9/2020,42.34639197,-71.07872762,9,10
65,9/9/2020,42.34639197,-71.07872762,9,10
65,9/9/2020,42.34639197,-71.07872762,9,10
65,9/9/2020,42.34639197,-71.07872762,9,10
65,9/9/2020,42.34639197,-71.07872762,9,10
65,9/9/2020,42.34639197,-71.07872762,9,10
65,9/9/2020,42.34639197,-71.07872762,9,10
66,9/9/2020,42.34621774,-71.07867506,10,10
66,9/9/2020,42.34621774,-71.07867506,10,10
66,9/9/2020,42.34621774,-71.07867506,10,10
66,9/9/2020,42.34621774,-71.07867506,10,10
66,9/9/2020,42.34621774,-71.07867506,10,10
66,9/9/2020,42.34621774,-71.07867506,10,10
66,9/9/2020,42.34621774,-71.07867506,10,10
66,9/9/2020,42.34621774,-71.07867506,10,10
66,9/9/2020,42.34621774,-71.07867506,10,10
66,9/9/2020,42.34621774,-71.07867506,10,10
67,9/10/2020,42.34601688,-71.07816525,5,9
67,9/10/2020,42.34601688,-71.07816525,5,9
67,9/10/2020,42.34601688,-71.07816525,5,9
67,9/10/2020,42.34601688,-71.07816525,5,9
67,9/10/2020,42.34601688,-71.07816525,5,9
68,9/11/2020,42.34586435,-71.07811484,4,8
68,9/11/2020,42.34586435,-71.07811484,4,8
68,9/11/2020,42.34586435,-71.07811484,4,8
68,9/11/2020,42.34586435,-71.07811484,4,8
69,9/9/2020,42.34595093,-71.07801088,5,10
69,9/9/2020,42.34595093,-71.07801088,5,10
69,9/9/2020,42.34595093,-71.07801088,5,10
69,9/9/2020,42.34595093,-71.07801088,5,10
69,9/9/2020,42.34595093,-71.07801088,5,10
70,9/16/2020,42.34583262,-71.07899627,6,3
70,9/16/2020,42.34583262,-71.07899627,6,3
70,9/16/2020,42.34583262,-71.07899627,6,3
70,9/16/2020,42.34583262,-71.07899627,6,3
70,9/16/2020,42.34583262,-71.07899627,6,3
70,9/16/2020,42.34583262,-71.07899627,6,3
71,9/16/2020,42.34680479,-71.07951920000001,10,3
71,9/16/2020,42.34680479,-71.07951920000001,10,3
71,9/16/2020,42.34680479,-71.07951920000001,10,3
71,9/16/2020,42.34680479,-71.07951920000001,10,3
71,9/16/2020,42.34680479,-71.07951920000001,10,3
71,9/16/2020,42.34680479,-71.07951920000001,10,3
71,9/16/2020,42.34680479,-71.07951920000001,10,3
71,9/16/2020,42.34680479,-71.07951920000001,10,3
71,9/16/2020,42.34680479,-71.07951920000001,10,3
71,9/16/2020,42.34680479,-71.07951920000001,10,3
72,9/11/2020,42.34603215,-71.07839334,4,8
72,9/11/2020,42.34603215,-71.07839334,4,8
72,9/11/2020,42.34603215,-71.07839334,4,8
72,9/11/2020,42.34603215,-71.07839334,4,8
73,9/18/2020,42.34612684,-71.07940016,9,1
73,9/18/2020,42.34612684,-71.07940016,9,1
73,9/18/2020,42.34612684,-71.07940016,9,1
73,9/18/2020,42.34612684,-71.07940016,9,1
73,9/18/2020,42.34612684,-71.07940016,9,1
73,9/18/2020,42.34612684,-71.07940016,9,1
73,9/18/2020,42.34612684,-71.07940016,9,1
73,9/18/2020,42.34612684,-71.07940016,9,1
73,9/18/2020,42.34612684,-71.07940016,9,1
74,9/10/2020,42.34667839,-71.07933039,10,9
74,9/10/2020,42.34667839,-71.07933039,10,9
74,9/10/2020,42.34667839,-71.07933039,10,9
74,9/10/2020,42.34667839,-71.07933039,10,9
74,9/10/2020,42.34667839,-71.07933039,10,9
74,9/10/2020,42.34667839,-71.07933039,10,9
74,9/10/2020,42.34667839,-71.07933039,10,9
74,9/10/2020,42.34667839,-71.07933039,10,9
74,9/10/2020,42.34667839,-71.07933039,10,9
74,9/10/2020,42.34667839,-71.07933039,10,9
75,9/13/2020,42.34606602,-71.07880411,3,6
75,9/13/2020,42.34606602,-71.07880411,3,6
75,9/13/2020,42.34606602,-71.07880411,3,6
76,9/14/2020,42.34590892,-71.07891019,8,5
76,9/14/2020,42.34590892,-71.07891019,8,5
76,9/14/2020,42.34590892,-71.07891019,8,5
76,9/14/2020,42.34590892,-71.07891019,8,5
76,9/14/2020,42.34590892,-71.07891019,8,5
76,9/14/2020,42.34590892,-71.07891019,8,5
76,9/14/2020,42.34590892,-71.07891019,8,5
76,9/14/2020,42.34590892,-71.07891019,8,5
77,9/17/2020,42.34796341,-71.07883512,3,2
77,9/17/2020,42.34796341,-71.07883512,3,2
77,9/17/2020,42.34796341,-71.07883512,3,2
78,9/12/2020,42.34801771,-71.07856712,3,7
78,9/12/2020,42.34801771,-71.07856712,3,7
78,9/12/2020,42.34801771,-71.07856712,3,7
79,9/11/2020,42.34815991,-71.07845333,9,8
79,9/11/2020,42.34815991,-71.07845333,9,8
79,9/11/2020,42.34815991,-71.07845333,9,8
79,9/11/2020,42.34815991,-71.07845333,9,8
79,9/11/2020,42.34815991,-71.07845333,9,8
79,9/11/2020,42.34815991,-71.07845333,9,8
79,9/11/2020,42.34815991,-71.07845333,9,8
79,9/11/2020,42.34815991,-71.07845333,9,8
79,9/11/2020,42.34815991,-71.07845333,9,8
80,9/13/2020,42.34892797,-71.07740016,3,6
80,9/13/2020,42.34892797,-71.07740016,3,6
80,9/13/2020,42.34892797,-71.07740016,3,6
81,9/14/2020,42.34900252,-71.07756821,7,5
81,9/14/2020,42.34900252,-71.07756821,7,5
81,9/14/2020,42.34900252,-71.07756821,7,5
81,9/14/2020,42.34900252,-71.07756821,7,5
81,9/14/2020,42.34900252,-71.07756821,7,5
81,9/14/2020,42.34900252,-71.07756821,7,5
81,9/14/2020,42.34900252,-71.07756821,7,5
82,9/12/2020,42.34850351,-71.07817639,10,7
82,9/12/2020,42.34850351,-71.07817639,10,7
82,9/12/2020,42.34850351,-71.07817639,10,7
82,9/12/2020,42.34850351,-71.07817639,10,7
82,9/12/2020,42.34850351,-71.07817639,10,7
82,9/12/2020,42.34850351,-71.07817639,10,7
82,9/12/2020,42.34850351,-71.07817639,10,7
82,9/12/2020,42.34850351,-71.07817639,10,7
82,9/12/2020,42.34850351,-71.07817639,10,7
82,9/12/2020,42.34850351,-71.07817639,10,7
83,9/12/2020,42.34808145,-71.0786431,1,7
84,9/15/2020,42.34809528,-71.07872799,1,4
85,9/15/2020,42.34787968,-71.07839758,3,4
85,9/15/2020,42.34787968,-71.07839758,3,4
85,9/15/2020,42.34787968,-71.07839758,3,4
86,9/17/2020,42.34800514,-71.07806254,5,2
86,9/17/2020,42.34800514,-71.07806254,5,2
86,9/17/2020,42.34800514,-71.07806254,5,2
86,9/17/2020,42.34800514,-71.07806254,5,2
86,9/17/2020,42.34800514,-71.07806254,5,2
87,9/17/2020,42.3481313,-71.07815778,2,2
87,9/17/2020,42.3481313,-71.07815778,2,2
88,9/13/2020,42.34837139,-71.07807627,8,6
88,9/13/2020,42.34837139,-71.07807627,8,6
88,9/13/2020,42.34837139,-71.07807627,8,6
88,9/13/2020,42.34837139,-71.07807627,8,6
88,9/13/2020,42.34837139,-71.07807627,8,6
88,9/13/2020,42.34837139,-71.07807627,8,6
88,9/13/2020,42.34837139,-71.07807627,8,6
88,9/13/2020,42.34837139,-71.07807627,8,6
89,9/18/2020,42.3486446,-71.07774433,2,1
89,9/18/2020,42.3486446,-71.07774433,2,1
90,9/16/2020,42.34791531,-71.07784841,8,3
90,9/16/2020,42.34791531,-71.07784841,8,3
90,9/16/2020,42.34791531,-71.07784841,8,3
90,9/16/2020,42.34791531,-71.07784841,8,3
90,9/16/2020,42.34791531,-71.07784841,8,3
90,9/16/2020,42.34791531,-71.07784841,8,3
90,9/16/2020,42.34791531,-71.07784841,8,3
90,9/16/2020,42.34791531,-71.07784841,8,3
91,9/13/2020,42.34802351,-71.07715199,5,6
91,9/13/2020,42.34802351,-71.07715199,5,6
91,9/13/2020,42.34802351,-71.07715199,5,6
91,9/13/2020,42.34802351,-71.07715199,5,6
91,9/13/2020,42.34802351,-71.07715199,5,6
92,9/17/2020,42.34796724,-71.07736436,3,2
92,9/17/2020,42.34796724,-71.07736436,3,2
92,9/17/2020,42.34796724,-71.07736436,3,2
93,9/16/2020,42.34902484,-71.07766549,4,3
93,9/16/2020,42.34902484,-71.07766549,4,3
93,9/16/2020,42.34902484,-71.07766549,4,3
93,9/16/2020,42.34902484,-71.07766549,4,3
94,9/13/2020,42.34860636,-71.07898204,10,6
94,9/13/2020,42.34860636,-71.07898204,10,6
94,9/13/2020,42.34860636,-71.07898204,10,6
94,9/13/2020,42.34860636,-71.07898204,10,6
94,9/13/2020,42.34860636,-71.07898204,10,6
94,9/13/2020,42.34860636,-71.07898204,10,6
94,9/13/2020,42.34860636,-71.07898204,10,6
94,9/13/2020,42.34860636,-71.07898204,10,6
94,9/13/2020,42.34860636,-71.07898204,10,6
94,9/13/2020,42.34860636,-71.07898204,10,6
95,9/15/2020,42.34867937,-71.07895987,6,4
95,9/15/2020,42.34867937,-71.07895987,6,4
95,9/15/2020,42.34867937,-71.07895987,6,4
95,9/15/2020,42.34867937,-71.07895987,6,4
95,9/15/2020,42.34867937,-71.07895987,6,4
95,9/15/2020,42.34867937,-71.07895987,6,4
96,9/9/2020,42.34864227,-71.07917065,7,10
96,9/9/2020,42.34864227,-71.07917065,7,10
96,9/9/2020,42.34864227,-71.07917065,7,10
96,9/9/2020,42.34864227,-71.07917065,7,10
96,9/9/2020,42.34864227,-71.07917065,7,10
96,9/9/2020,42.34864227,-71.07917065,7,10
96,9/9/2020,42.34864227,-71.07917065,7,10
97,9/15/2020,42.34886708,-71.07909412,9,4
97,9/15/2020,42.34886708,-71.07909412,9,4
97,9/15/2020,42.34886708,-71.07909412,9,4
97,9/15/2020,42.34886708,-71.07909412,9,4
97,9/15/2020,42.34886708,-71.07909412,9,4
97,9/15/2020,42.34886708,-71.07909412,9,4
97,9/15/2020,42.34886708,-71.07909412,9,4
97,9/15/2020,42.34886708,-71.07909412,9,4
97,9/15/2020,42.34886708,-71.07909412,9,4
98,9/10/2020,42.34923168,-71.07927257,10,9
98,9/10/2020,42.34923168,-71.07927257,10,9
98,9/10/2020,42.34923168,-71.07927257,10,9
98,9/10/2020,42.34923168,-71.07927257,10,9
98,9/10/2020,42.34923168,-71.07927257,10,9
98,9/10/2020,42.34923168,-71.07927257,10,9
98,9/10/2020,42.34923168,-71.07927257,10,9
98,9/10/2020,42.34923168,-71.07927257,10,9
98,9/10/2020,42.34923168,-71.07927257,10,9
98,9/10/2020,42.34923168,-71.07927257,10,9
99,9/13/2020,42.34965186,-71.07866605,4,6
99,9/13/2020,42.34965186,-71.07866605,4,6
99,9/13/2020,42.34965186,-71.07866605,4,6
99,9/13/2020,42.34965186,-71.07866605,4,6
